{
    "high": [
        [
            0, 
            1, 
            2, 
            3, 
            4, 
            5, 
            6, 
            7, 
            8, 
            9, 
            10, 
            11, 
            12, 
            13, 
            14, 
            15, 
            16, 
            17, 
            18, 
            19, 
            20, 
            21, 
            22, 
            23, 
            24, 
            25, 
            26, 
            27, 
            28, 
            29, 
            30, 
            31, 
            32, 
            33, 
            34
        ], 
        [
            "108", 
            "107", 
            "115", 
            "113", 
            "112", 
            "114", 
            "113", 
            "115", 
            "110", 
            "120", 
            "108", 
            "113", 
            "116", 
            "106", 
            "105", 
            "106", 
            "113", 
            "107", 
            "107", 
            "123", 
            "116", 
            "112", 
            "116", 
            "117", 
            "109", 
            "106", 
            "105", 
            "110", 
            "106", 
            "101", 
            "103", 
            "106", 
            "103", 
            "101", 
            "112"
        ]
    ], 
    "high rolling avg": [
        [
            0, 
            1, 
            2, 
            3, 
            4, 
            5, 
            6, 
            7, 
            8, 
            9, 
            10, 
            11, 
            12, 
            13, 
            14, 
            15, 
            16, 
            17, 
            18, 
            19, 
            20, 
            21, 
            22, 
            23, 
            24, 
            25, 
            26, 
            27, 
            28, 
            29, 
            30, 
            31, 
            32, 
            33, 
            34
        ], 
        [
            108.0, 
            107.5, 
            110.0, 
            110.75, 
            111.0, 
            111.5, 
            111.71428571428571, 
            112.125, 
            111.88888888888889, 
            112.7, 
            112.27272727272727, 
            112.33333333333333, 
            112.61538461538461, 
            112.14285714285714, 
            111.66666666666667, 
            111.3125, 
            111.41176470588235, 
            111.16666666666667, 
            110.94736842105263, 
            111.55, 
            111.76190476190476, 
            111.77272727272727, 
            111.95652173913044, 
            112.16666666666667, 
            112.04, 
            111.8076923076923, 
            111.55555555555556, 
            111.5, 
            111.3103448275862, 
            110.96666666666667, 
            110.70967741935483, 
            110.5625, 
            110.33333333333333, 
            110.05882352941177, 
            110.11428571428571
        ]
    ], 
    "high.sample": [
        [
            0, 
            4, 
            8, 
            12, 
            16, 
            20, 
            24, 
            28, 
            32
        ], 
        [
            "107", 
            "114", 
            "120", 
            "106", 
            "107", 
            "112", 
            "106", 
            "101", 
            "101"
        ]
    ], 
    "low": [
        [
            0, 
            1, 
            2, 
            3, 
            4, 
            5, 
            6, 
            7, 
            8, 
            9, 
            10, 
            11, 
            12, 
            13, 
            14, 
            15, 
            16, 
            17, 
            18, 
            19, 
            20, 
            21, 
            22, 
            23, 
            24, 
            25, 
            26, 
            27, 
            28, 
            29, 
            30, 
            31, 
            32, 
            33, 
            34
        ], 
        [
            "68", 
            "67", 
            "71", 
            "72", 
            "67", 
            "67", 
            "64", 
            "68", 
            "67", 
            "68", 
            "67", 
            "67", 
            "72", 
            "61", 
            "68", 
            "65", 
            "68", 
            "65", 
            "67", 
            "71", 
            "70", 
            "67", 
            "74", 
            "76", 
            "67", 
            "67", 
            "67", 
            "70", 
            "64", 
            "56", 
            "68", 
            "61", 
            "66", 
            "71", 
            "68"
        ]
    ], 
    "low rolling avg": [
        [
            0, 
            1, 
            2, 
            3, 
            4, 
            5, 
            6, 
            7, 
            8, 
            9, 
            10, 
            11, 
            12, 
            13, 
            14, 
            15, 
            16, 
            17, 
            18, 
            19, 
            20, 
            21, 
            22, 
            23, 
            24, 
            25, 
            26, 
            27, 
            28, 
            29, 
            30, 
            31, 
            32, 
            33, 
            34
        ], 
        [
            68.0, 
            67.5, 
            68.66666666666667, 
            69.5, 
            69.0, 
            68.66666666666667, 
            68.0, 
            68.0, 
            67.88888888888889, 
            67.9, 
            67.81818181818181, 
            67.75, 
            68.07692307692308, 
            67.57142857142857, 
            67.6, 
            67.4375, 
            67.47058823529412, 
            67.33333333333333, 
            67.3157894736842, 
            67.5, 
            67.61904761904762, 
            67.5909090909091, 
            67.8695652173913, 
            68.20833333333333, 
            68.16, 
            68.11538461538461, 
            68.07407407407408, 
            68.14285714285714, 
            68.0, 
            67.6, 
            67.61290322580645, 
            67.40625, 
            67.36363636363636, 
            67.47058823529412, 
            67.48571428571428
        ]
    ]
}