{
    "rolling avg": [
        [
            0, 
            1, 
            2, 
            3, 
            4, 
            5, 
            6, 
            7, 
            8, 
            9, 
            10, 
            11, 
            12, 
            13
        ], 
        [
            180.2, 
            181.7, 
            181.86666666666665, 
            181.95, 
            182.0, 
            181.76666666666665, 
            181.57142857142858, 
            181.5, 
            181.39999999999998, 
            181.4, 
            181.4, 
            181.46666666666667, 
            181.3846153846154, 
            181.34285714285716
        ]
    ], 
    "weight": [
        [
            0, 
            1, 
            2, 
            3, 
            4, 
            5, 
            6, 
            7, 
            8, 
            9, 
            10, 
            11, 
            12, 
            13
        ], 
        [
            "180.2", 
            "183.2", 
            "182.2", 
            "182.2", 
            "182.2", 
            "180.6", 
            "180.4", 
            "181.0", 
            "180.6", 
            "181.4", 
            "181.4", 
            "182.2", 
            "180.4", 
            "180.8"
        ]
    ]
}